"DESCRIPTION","DURATION IN MS","NAME","PARENT SUITE","START TIME","STATUS","STOP TIME","SUB SUITE","SUITE","TEST CLASS","TEST METHOD"
"","532","updateProfile()","","2026-10-04","passed","2026-10-04","","cupexchange.ProfileApiTest","cupexchange.ProfileApiTest","updateProfile"
"","377","addZelleAccount()","","2026-10-04","passed","2026-10-04","","cupexchange.AccountApiTest","cupexchange.AccountApiTest","addZelleAccount"
"","394","createZelleWithdrawal()","","2026-10-04","passed","2026-10-04","","cupexchange.WithdrawalApiTest","cupexchange.WithdrawalApiTest","createZelleWithdrawal"
"","424","addNewBpaAccount()","","2026-10-04","passed","2026-10-04","","cupexchange.AccountApiTest","cupexchange.AccountApiTest","addNewBpaAccount"
"","504","createLimitSellExchangeOrder()","","2026-10-04","passed","2026-10-04","","cupexchange.ExchangeLimitOrderApiTest","cupexchange.ExchangeLimitOrderApiTest","createLimitSellExchangeOrder"
"","206","createPredictionMarketOrder()","","2026-10-04","passed","2026-10-04","","cupexchange.PredictionMarketOrderApiTest","cupexchange.PredictionMarketOrderApiTest","createPredictionMarketOrder"
"","289","approveBpaDeposit()","","2026-10-04","passed","2026-10-04","","cupexchange.DepositApiTest","cupexchange.DepositApiTest","approveBpaDeposit"
"","4206","registerAndVerifyUser()","","2026-10-04","passed","2026-10-04","","cupexchange.RegisterApiTest","cupexchange.RegisterApiTest","registerAndVerifyUser"
"","213","approveSecondDeposit()","","2026-10-04","passed","2026-10-04","","cupexchange.DepositApiTest","cupexchange.DepositApiTest","approveSecondDeposit"
"","909","createMarketSellExchangeOrder()","","2026-10-04","passed","2026-10-04","","cupexchange.ExchangeMarketOrderApiTest","cupexchange.ExchangeMarketOrderApiTest","createMarketSellExchangeOrder"
"","1297","createMarketBuyExchangeOrder()","","2026-10-04","passed","2026-10-04","","cupexchange.ExchangeMarketOrderApiTest","cupexchange.ExchangeMarketOrderApiTest","createMarketBuyExchangeOrder"
"","576","createUsdCupWallet()","","2026-10-04","passed","2026-10-04","","cupexchange.WalletApiTest","cupexchange.WalletApiTest","createUsdCupWallet"
"","223","zellePayment()","","2026-10-04","passed","2026-10-04","","cupexchange.AccountApiTest","cupexchange.AccountApiTest","zellePayment"
"","175","verifySecondPendingDeposit()","","2026-10-04","passed","2026-10-04","","cupexchange.DepositApiTest","cupexchange.DepositApiTest","verifySecondPendingDeposit"
"","365","createLimitBuyExchangeOrder()","","2026-10-04","passed","2026-10-04","","cupexchange.ExchangeLimitOrderApiTest","cupexchange.ExchangeLimitOrderApiTest","createLimitBuyExchangeOrder"
"","454","bpaPayment()","","2026-10-04","passed","2026-10-04","","cupexchange.AccountApiTest","cupexchange.AccountApiTest","bpaPayment"
"","601","loginNewUser()","","2026-10-04","passed","2026-10-04","","cupexchange.RegisterApiTest","cupexchange.RegisterApiTest","loginNewUser"
"","357","createBpaWithdrawal()","","2026-10-04","passed","2026-10-04","","cupexchange.WithdrawalApiTest","cupexchange.WithdrawalApiTest","createBpaWithdrawal"
"","489","zelleDeposit()","","2026-10-04","passed","2026-10-04","","cupexchange.AccountApiTest","cupexchange.AccountApiTest","zelleDeposit"
"","225","verifyPendingDeposit()","","2026-10-04","passed","2026-10-04","","cupexchange.DepositApiTest","cupexchange.DepositApiTest","verifyPendingDeposit"
"","288","bpaDeposit()","","2026-10-04","passed","2026-10-04","","cupexchange.AccountApiTest","cupexchange.AccountApiTest","bpaDeposit"
